http://10.65.203.66/wavsep/active/RXSS-Detection-Evaluation-GET/Case01-Tag2HtmlPageScope.jsp?userinput=1,userinput,get
http://10.65.203.66/wavsep/active/RXSS-Detection-Evaluation-GET/Case01-Tag2HtmlPageScope.jsp?userinput=1,userinput,get
http://10.65.203.66/wavsep/active/RXSS-Detection-Evaluation-GET/Case01-Tag2HtmlPageScope.jsp?userinput=1,userinput,get
http://10.65.203.66/wavsep/active/RXSS-Detection-Evaluation-GET/Case01-Tag2HtmlPageScope.jsp?userinput=1,userinput,get
http://10.65.203.66/wavsep/active/RXSS-Detection-Evaluation-GET/Case01-Tag2HtmlPageScope.jsp?userinput=1,userinput,get
http://10.65.203.66/wavsep/active/RXSS-Detection-Evaluation-GET/Case01-Tag2HtmlPageScope.jsp?userinput=1,userinput,get
http://10.65.203.66/wavsep/active/RXSS-Detection-Evaluation-GET/Case01-Tag2HtmlPageScope.jsp?userinput=1,userinput,get
http://10.65.203.66/wavsep/active/RXSS-Detection-Evaluation-GET/Case01-Tag2HtmlPageScope.jsp?userinput=1,userinput,get
http://10.65.203.66/wavsep/active/RXSS-Detection-Evaluation-GET/Case01-Tag2HtmlPageScope.jsp?userinput=1,userinput,get
http://10.65.203.66/wavsep/active/RXSS-Detection-Evaluation-GET/Case01-Tag2HtmlPageScope.jsp?userinput=1,userinput,get
